"Original","Relative"
"AI算力能源财税与碳合规/AI算力能源财税与碳合规商业规划�?v0.3.md","AI算力能源财税与碳合规商业规划�？v0.3.md"
"AI算力能源财税与碳合规/NotebookLM资料�?","NotebookLM资料�？"
"AI算力能源财税与碳合规/NotebookLM资料�?05-学习边界与三个月路线.md","NotebookLM资料�？05-学习边界与三个月路线.md"
"AI算力能源财税与碳合规/NotebookLM资料�?03-PPT逐页OCR文字�?md","NotebookLM资料�？03-PPT逐页OCR文字�？md"
"AI算力能源财税与碳合规/NotebookLM资料�?原始PPT-算电协同-95�?pdf","NotebookLM资料�？原始PPT-算电协同-95�？pdf"
"AI算力能源财税与碳合规/NotebookLM资料�?06-NotebookLM提示�?md","NotebookLM资料�？06-NotebookLM提示�？md"
"AI算力能源财税与碳合规/NotebookLM资料�?来源原文/","NotebookLM资料�？来源原文/"
"AI算力能源财税与碳合规/NotebookLM资料�?来源原文/政策原文-数据中心绿色低碳发展专项行动计划.pdf","NotebookLM资料�？来源原文/政策原文-数据中心绿色低碳发展专项行动计划.pdf"
"AI算力能源财税与碳合规/NotebookLM资料�?来源原文/论文-数据中心高密机柜算电热全栈联�?pdf","NotebookLM资料�？来源原文/论文-数据中心高密机柜算电热全栈联�？pdf"
"AI算力能源财税与碳合规/NotebookLM资料�?来源原文/论文-ML-ENERGY推理能耗基�?pdf","NotebookLM资料�？来源原文/论文-ML-ENERGY推理能耗基�？pdf"
"AI算力能源财税与碳合规/NotebookLM资料�?来源原文/论文-数据中心综合能源系统综述.pdf","NotebookLM资料�？来源原文/论文-数据中心综合能源系统综述.pdf"
"AI算力能源财税与碳合规/NotebookLM资料�?来源原文/论文-碳感知时空任务迁移的现实限制.pdf","NotebookLM资料�？来源原文/论文-碳感知时空任务迁移的现实限制.pdf"
"AI算力能源财税与碳合规/NotebookLM资料�?来源原文/论文-Google碳感知数据中心计�?pdf","NotebookLM资料�？来源原文/论文-Google碳感知数据中心计�？pdf"
"AI算力能源财税与碳合规/NotebookLM资料�?09-NotebookLM外部网站添加清单.md","NotebookLM资料�？09-NotebookLM外部网站添加清单.md"
"AI算力能源财税与碳合规/NotebookLM资料�?07-原始研究设想.md","NotebookLM资料�？07-原始研究设想.md"
"AI算力能源财税与碳合规/NotebookLM资料�?04-政策与学术证据链.md","NotebookLM资料�？04-政策与学术证据链.md"
"AI算力能源财税与碳合规/NotebookLM资料�?08-商业规划�?背景材料.md","NotebookLM资料�？08-商业规划�？背景材料.md"
"AI算力能源财税与碳合规/NotebookLM资料�?补充材料-需核验/","NotebookLM资料�？补充材料-需核验/"
"AI算力能源财税与碳合规/NotebookLM资料�?补充材料-需核验/前期团队与行业调�?md","NotebookLM资料�？补充材料-需核验/前期团队与行业调�？md"
"AI算力能源财税与碳合规/NotebookLM资料�?补充材料-需核验/二轮方法工具与市场调�?md","NotebookLM资料�？补充材料-需核验/二轮方法工具与市场调�？md"
"AI算力能源财税与碳合规/NotebookLM资料�?01-研究主线与概念边�?md","NotebookLM资料�？01-研究主线与概念边�？md"
"AI算力能源财税与碳合规/NotebookLM资料�?00-导入与使用说�?md","NotebookLM资料�？00-导入与使用说�？md"
"AI算力能源财税与碳合规/NotebookLM资料�?02-PPT核心内容与研究启�?md","NotebookLM资料�？02-PPT核心内容与研究启�？md"
"AI算力能源财税与碳合规/外部调研报告/2026-07-03-学术与产业团队情报报�?md","外部调研报告/2026-07-03-学术与产业团队情报报�？md"
"AI算力能源财税与碳合规/外部调研报告/2026-07-03-第二轮深度数据挖掘报�?md","外部调研报告/2026-07-03-第二轮深度数据挖掘报�？md"
"AI算力能源财税与碳合规/Windows接管提示�?2026-07-14.md","Windows接管提示�？2026-07-14.md"
"AI算力能源财税与碳合规/王永�?算电协同PPT/","王永�？算电协同PPT/"
"AI算力能源财税与碳合规/王永�?算电协同PPT/images/","王永�？算电协同PPT/images/"
"AI算力能源财税与碳合规/王永�?算电协同PPT/images/slide-089.jpg","王永�？算电协同PPT/images/slide-089.jpg"
"AI算力能源财税与碳合规/王永�?算电协同PPT/images/slide-076.jpg","王永�？算电协同PPT/images/slide-076.jpg"
"AI算力能源财税与碳合规/王永�?算电协同PPT/images/slide-062.jpg","王永�？算电协同PPT/images/slide-062.jpg"
"AI算力能源财税与碳合规/王永�?算电协同PPT/images/slide-063.jpg","王永�？算电协同PPT/images/slide-063.jpg"
"AI算力能源财税与碳合规/王永�?算电协同PPT/images/slide-077.jpg","王永�？算电协同PPT/images/slide-077.jpg"
"AI算力能源财税与碳合规/王永�?算电协同PPT/images/slide-088.jpg","王永�？算电协同PPT/images/slide-088.jpg"
"AI算力能源财税与碳合规/王永�?算电协同PPT/images/slide-049.jpg","王永�？算电协同PPT/images/slide-049.jpg"
"AI算力能源财税与碳合规/王永�?算电协同PPT/images/slide-061.jpg","王永�？算电协同PPT/images/slide-061.jpg"
"AI算力能源财税与碳合规/王永�?算电协同PPT/images/slide-075.jpg","王永�？算电协同PPT/images/slide-075.jpg"
"AI算力能源财税与碳合规/王永�?算电协同PPT/images/slide-074.jpg","王永�？算电协同PPT/images/slide-074.jpg"
"AI算力能源财税与碳合规/王永�?算电协同PPT/images/slide-060.jpg","王永�？算电协同PPT/images/slide-060.jpg"
"AI算力能源财税与碳合规/王永�?算电协同PPT/images/slide-048.jpg","王永�？算电协同PPT/images/slide-048.jpg"
"AI算力能源财税与碳合规/王永�?算电协同PPT/images/slide-064.jpg","王永�？算电协同PPT/images/slide-064.jpg"
"AI算力能源财税与碳合规/王永�?算电协同PPT/images/slide-070.jpg","王永�？算电协同PPT/images/slide-070.jpg"
"AI算力能源财税与碳合规/王永�?算电协同PPT/images/slide-058.jpg","王永�？算电协同PPT/images/slide-058.jpg"
"AI算力能源财税与碳合规/王永�?算电协同PPT/images/slide-059.jpg","王永�？算电协同PPT/images/slide-059.jpg"
"AI算力能源财税与碳合规/王永�?算电协同PPT/images/slide-071.jpg","王永�？算电协同PPT/images/slide-071.jpg"
"AI算力能源财税与碳合规/王永�?算电协同PPT/images/slide-065.jpg","王永�？算电协同PPT/images/slide-065.jpg"
"AI算力能源财税与碳合规/王永�?算电协同PPT/images/slide-073.jpg","王永�？算电协同PPT/images/slide-073.jpg"
"AI算力能源财税与碳合规/王永�?算电协同PPT/images/slide-067.jpg","王永�？算电协同PPT/images/slide-067.jpg"
"AI算力能源财税与碳合规/王永�?算电协同PPT/images/slide-066.jpg","王永�？算电协同PPT/images/slide-066.jpg"
"AI算力能源财税与碳合规/王永�?算电协同PPT/images/slide-072.jpg","王永�？算电协同PPT/images/slide-072.jpg"
"AI算力能源财税与碳合规/王永�?算电协同PPT/images/slide-001.png","王永�？算电协同PPT/images/slide-001.png"
"AI算力能源财税与碳合规/王永�?算电协同PPT/images/slide-029.jpg","王永�？算电协同PPT/images/slide-029.jpg"
"AI算力能源财税与碳合规/王永�?算电协同PPT/images/slide-015.jpg","王永�？算电协同PPT/images/slide-015.jpg"
"AI算力能源财税与碳合规/王永�?算电协同PPT/images/slide-014.jpg","王永�？算电协同PPT/images/slide-014.jpg"
"AI算力能源财税与碳合规/王永�?算电协同PPT/images/slide-028.jpg","王永�？算电协同PPT/images/slide-028.jpg"
"AI算力能源财税与碳合规/王永�?算电协同PPT/images/slide-002.png","王永�？算电协同PPT/images/slide-002.png"
"AI算力能源财税与碳合规/王永�?算电协同PPT/images/slide-016.jpg","王永�？算电协同PPT/images/slide-016.jpg"
"AI算力能源财税与碳合规/王永�?算电协同PPT/images/slide-017.jpg","王永�？算电协同PPT/images/slide-017.jpg"
"AI算力能源财税与碳合规/王永�?算电协同PPT/images/slide-003.png","王永�？算电协同PPT/images/slide-003.png"
"AI算力能源财税与碳合规/王永�?算电协同PPT/images/slide-007.jpg","王永�？算电协同PPT/images/slide-007.jpg"
"AI算力能源财税与碳合规/王永�?算电协同PPT/images/slide-013.jpg","王永�？算电协同PPT/images/slide-013.jpg"
"AI算力能源财税与碳合规/王永�?算电协同PPT/images/slide-012.jpg","王永�？算电协同PPT/images/slide-012.jpg"
"AI算力能源财税与碳合规/王永�?算电协同PPT/images/slide-006.jpg","王永�？算电协同PPT/images/slide-006.jpg"
"AI算力能源财税与碳合规/王永�?算电协同PPT/images/slide-010.jpg","王永�？算电协同PPT/images/slide-010.jpg"
"AI算力能源财税与碳合规/王永�?算电协同PPT/images/slide-004.jpg","王永�？算电协同PPT/images/slide-004.jpg"
"AI算力能源财税与碳合规/王永�?算电协同PPT/images/slide-038.jpg","王永�？算电协同PPT/images/slide-038.jpg"
"AI算力能源财税与碳合规/王永�?算电协同PPT/images/slide-039.jpg","王永�？算电协同PPT/images/slide-039.jpg"
"AI算力能源财税与碳合规/王永�?算电协同PPT/images/slide-005.jpg","王永�？算电协同PPT/images/slide-005.jpg"
"AI算力能源财税与碳合规/王永�?算电协同PPT/images/slide-011.jpg","王永�？算电协同PPT/images/slide-011.jpg"
"AI算力能源财税与碳合规/王永�?算电协同PPT/images/slide-008.jpg","王永�？算电协同PPT/images/slide-008.jpg"
"AI算力能源财税与碳合规/王永�?算电协同PPT/images/slide-034.jpg","王永�？算电协同PPT/images/slide-034.jpg"
"AI算力能源财税与碳合规/王永�?算电协同PPT/images/slide-020.jpg","王永�？算电协同PPT/images/slide-020.jpg"
"AI算力能源财税与碳合规/王永�?算电协同PPT/images/slide-021.jpg","王永�？算电协同PPT/images/slide-021.jpg"
"AI算力能源财税与碳合规/王永�?算电协同PPT/images/slide-035.jpg","王永�？算电协同PPT/images/slide-035.jpg"
"AI算力能源财税与碳合规/王永�?算电协同PPT/images/slide-009.jpg","王永�？算电协同PPT/images/slide-009.jpg"
"AI算力能源财税与碳合规/王永�?算电协同PPT/images/slide-023.jpg","王永�？算电协同PPT/images/slide-023.jpg"
"AI算力能源财税与碳合规/王永�?算电协同PPT/images/slide-037.jpg","王永�？算电协同PPT/images/slide-037.jpg"
"AI算力能源财税与碳合规/王永�?算电协同PPT/images/slide-036.jpg","王永�？算电协同PPT/images/slide-036.jpg"
"AI算力能源财税与碳合规/王永�?算电协同PPT/images/slide-022.jpg","王永�？算电协同PPT/images/slide-022.jpg"
"AI算力能源财税与碳合规/王永�?算电协同PPT/images/slide-026.jpg","王永�？算电协同PPT/images/slide-026.jpg"
"AI算力能源财税与碳合规/王永�?算电协同PPT/images/slide-032.jpg","王永�？算电协同PPT/images/slide-032.jpg"
"AI算力能源财税与碳合规/王永�?算电协同PPT/images/slide-033.jpg","王永�？算电协同PPT/images/slide-033.jpg"
"AI算力能源财税与碳合规/王永�?算电协同PPT/images/slide-027.jpg","王永�？算电协同PPT/images/slide-027.jpg"
"AI算力能源财税与碳合规/王永�?算电协同PPT/images/slide-031.jpg","王永�？算电协同PPT/images/slide-031.jpg"
"AI算力能源财税与碳合规/王永�?算电协同PPT/images/slide-025.jpg","王永�？算电协同PPT/images/slide-025.jpg"
"AI算力能源财税与碳合规/王永�?算电协同PPT/images/slide-019.jpg","王永�？算电协同PPT/images/slide-019.jpg"
"AI算力能源财税与碳合规/王永�?算电协同PPT/images/slide-018.jpg","王永�？算电协同PPT/images/slide-018.jpg"
"AI算力能源财税与碳合规/王永�?算电协同PPT/images/slide-024.jpg","王永�？算电协同PPT/images/slide-024.jpg"
"AI算力能源财税与碳合规/王永�?算电协同PPT/images/slide-030.jpg","王永�？算电协同PPT/images/slide-030.jpg"
"AI算力能源财税与碳合规/王永�?算电协同PPT/images/slide-094.jpg","王永�？算电协同PPT/images/slide-094.jpg"
"AI算力能源财税与碳合规/王永�?算电协同PPT/images/slide-080.jpg","王永�？算电协同PPT/images/slide-080.jpg"
"AI算力能源财税与碳合规/王永�?算电协同PPT/images/slide-057.jpg","王永�？算电协同PPT/images/slide-057.jpg"
"AI算力能源财税与碳合规/王永�?算电协同PPT/images/slide-043.jpg","王永�？算电协同PPT/images/slide-043.jpg"
"AI算力能源财税与碳合规/王永�?算电协同PPT/images/slide-042.jpg","王永�？算电协同PPT/images/slide-042.jpg"
"AI算力能源财税与碳合规/王永�?算电协同PPT/images/slide-056.jpg","王永�？算电协同PPT/images/slide-056.jpg"
"AI算力能源财税与碳合规/王永�?算电协同PPT/images/slide-081.jpg","王永�？算电协同PPT/images/slide-081.jpg"
"AI算力能源财税与碳合规/王永�?算电协同PPT/images/slide-095.jpg","王永�？算电协同PPT/images/slide-095.jpg"
"AI算力能源财税与碳合规/王永�?算电协同PPT/images/slide-083.jpg","王永�？算电协同PPT/images/slide-083.jpg"
"AI算力能源财税与碳合规/王永�?算电协同PPT/images/slide-068.jpg","王永�？算电协同PPT/images/slide-068.jpg"
"AI算力能源财税与碳合规/王永�?算电协同PPT/images/slide-040.jpg","王永�？算电协同PPT/images/slide-040.jpg"
"AI算力能源财税与碳合规/王永�?算电协同PPT/images/slide-054.jpg","王永�？算电协同PPT/images/slide-054.jpg"
"AI算力能源财税与碳合规/王永�?算电协同PPT/images/slide-055.jpg","王永�？算电协同PPT/images/slide-055.jpg"
"AI算力能源财税与碳合规/王永�?算电协同PPT/images/slide-041.jpg","王永�？算电协同PPT/images/slide-041.jpg"
"AI算力能源财税与碳合规/王永�?算电协同PPT/images/slide-069.jpg","王永�？算电协同PPT/images/slide-069.jpg"
"AI算力能源财税与碳合规/王永�?算电协同PPT/images/slide-082.jpg","王永�？算电协同PPT/images/slide-082.jpg"
"AI算力能源财税与碳合规/王永�?算电协同PPT/images/slide-086.jpg","王永�？算电协同PPT/images/slide-086.jpg"
"AI算力能源财税与碳合规/王永�?算电协同PPT/images/slide-092.jpg","王永�？算电协同PPT/images/slide-092.jpg"
"AI算力能源财税与碳合规/王永�?算电协同PPT/images/slide-045.jpg","王永�？算电协同PPT/images/slide-045.jpg"
"AI算力能源财税与碳合规/王永�?算电协同PPT/images/slide-051.jpg","王永�？算电协同PPT/images/slide-051.jpg"
"AI算力能源财税与碳合规/王永�?算电协同PPT/images/slide-079.jpg","王永�？算电协同PPT/images/slide-079.jpg"
"AI算力能源财税与碳合规/王永�?算电协同PPT/images/slide-078.jpg","王永�？算电协同PPT/images/slide-078.jpg"
"AI算力能源财税与碳合规/王永�?算电协同PPT/images/slide-050.jpg","王永�？算电协同PPT/images/slide-050.jpg"
"AI算力能源财税与碳合规/王永�?算电协同PPT/images/slide-044.jpg","王永�？算电协同PPT/images/slide-044.jpg"
"AI算力能源财税与碳合规/王永�?算电协同PPT/images/slide-093.jpg","王永�？算电协同PPT/images/slide-093.jpg"
"AI算力能源财税与碳合规/王永�?算电协同PPT/images/slide-087.jpg","王永�？算电协同PPT/images/slide-087.jpg"
"AI算力能源财税与碳合规/王永�?算电协同PPT/images/slide-091.jpg","王永�？算电协同PPT/images/slide-091.jpg"
"AI算力能源财税与碳合规/王永�?算电协同PPT/images/slide-085.jpg","王永�？算电协同PPT/images/slide-085.jpg"
"AI算力能源财税与碳合规/王永�?算电协同PPT/images/slide-052.jpg","王永�？算电协同PPT/images/slide-052.jpg"
"AI算力能源财税与碳合规/王永�?算电协同PPT/images/slide-046.jpg","王永�？算电协同PPT/images/slide-046.jpg"
"AI算力能源财税与碳合规/王永�?算电协同PPT/images/slide-047.jpg","王永�？算电协同PPT/images/slide-047.jpg"
"AI算力能源财税与碳合规/王永�?算电协同PPT/images/slide-053.jpg","王永�？算电协同PPT/images/slide-053.jpg"
"AI算力能源财税与碳合规/王永�?算电协同PPT/images/slide-084.jpg","王永�？算电协同PPT/images/slide-084.jpg"
"AI算力能源财税与碳合规/王永�?算电协同PPT/images/slide-090.jpg","王永�？算电协同PPT/images/slide-090.jpg"
"AI算力能源财税与碳合规/王永�?算电协同PPT/ocr/","王永�？算电协同PPT/ocr/"
"AI算力能源财税与碳合规/王永�?算电协同PPT/ocr/slide-014.txt","王永�？算电协同PPT/ocr/slide-014.txt"
"AI算力能源财税与碳合规/王永�?算电协同PPT/ocr/slide-028.txt","王永�？算电协同PPT/ocr/slide-028.txt"
"AI算力能源财税与碳合规/王永�?算电协同PPT/ocr/slide-029.txt","王永�？算电协同PPT/ocr/slide-029.txt"
"AI算力能源财税与碳合规/王永�?算电协同PPT/ocr/slide-015.txt","王永�？算电协同PPT/ocr/slide-015.txt"
"AI算力能源财税与碳合规/王永�?算电协同PPT/ocr/slide-001.txt","王永�？算电协同PPT/ocr/slide-001.txt"
"AI算力能源财税与碳合规/王永�?算电协同PPT/ocr/slide-017.txt","王永�？算电协同PPT/ocr/slide-017.txt"
"AI算力能源财税与碳合规/王永�?算电协同PPT/ocr/slide-003.txt","王永�？算电协同PPT/ocr/slide-003.txt"
"AI算力能源财税与碳合规/王永�?算电协同PPT/ocr/slide-002.txt","王永�？算电协同PPT/ocr/slide-002.txt"
"AI算力能源财税与碳合规/王永�?算电协同PPT/ocr/slide-016.txt","王永�？算电协同PPT/ocr/slide-016.txt"
"AI算力能源财税与碳合规/王永�?算电协同PPT/ocr/slide-012.txt","王永�？算电协同PPT/ocr/slide-012.txt"
"AI算力能源财税与碳合规/王永�?算电协同PPT/ocr/slide-006.txt","王永�？算电协同PPT/ocr/slide-006.txt"
"AI算力能源财税与碳合规/王永�?算电协同PPT/ocr/slide-007.txt","王永�？算电协同PPT/ocr/slide-007.txt"
"AI算力能源财税与碳合规/王永�?算电协同PPT/ocr/slide-013.txt","王永�？算电协同PPT/ocr/slide-013.txt"
"AI算力能源财税与碳合规/王永�?算电协同PPT/ocr/slide-039.txt","王永�？算电协同PPT/ocr/slide-039.txt"
"AI算力能源财税与碳合规/王永�?算电协同PPT/ocr/slide-005.txt","王永�？算电协同PPT/ocr/slide-005.txt"
"AI算力能源财税与碳合规/王永�?算电协同PPT/ocr/slide-011.txt","王永�？算电协同PPT/ocr/slide-011.txt"
"AI算力能源财税与碳合规/王永�?算电协同PPT/ocr/slide-010.txt","王永�？算电协同PPT/ocr/slide-010.txt"
"AI算力能源财税与碳合规/王永�?算电协同PPT/ocr/slide-004.txt","王永�？算电协同PPT/ocr/slide-004.txt"
"AI算力能源财税与碳合规/王永�?算电协同PPT/ocr/slide-038.txt","王永�？算电协同PPT/ocr/slide-038.txt"
"AI算力能源财税与碳合规/王永�?算电协同PPT/ocr/slide-088.txt","王永�？算电协同PPT/ocr/slide-088.txt"
"AI算力能源财税与碳合规/王永�?算电协同PPT/ocr/slide-063.txt","王永�？算电协同PPT/ocr/slide-063.txt"
"AI算力能源财税与碳合规/王永�?算电协同PPT/ocr/slide-077.txt","王永�？算电协同PPT/ocr/slide-077.txt"
"AI算力能源财税与碳合规/王永�?算电协同PPT/ocr/slide-076.txt","王永�？算电协同PPT/ocr/slide-076.txt"
"AI算力能源财税与碳合规/王永�?算电协同PPT/ocr/slide-062.txt","王永�？算电协同PPT/ocr/slide-062.txt"
"AI算力能源财税与碳合规/王永�?算电协同PPT/ocr/slide-089.txt","王永�？算电协同PPT/ocr/slide-089.txt"
"AI算力能源财税与碳合规/王永�?算电协同PPT/ocr/slide-074.txt","王永�？算电协同PPT/ocr/slide-074.txt"
"AI算力能源财税与碳合规/王永�?算电协同PPT/ocr/slide-060.txt","王永�？算电协同PPT/ocr/slide-060.txt"
"AI算力能源财税与碳合规/王永�?算电协同PPT/ocr/slide-048.txt","王永�？算电协同PPT/ocr/slide-048.txt"
"AI算力能源财税与碳合规/王永�?算电协同PPT/ocr/slide-049.txt","王永�？算电协同PPT/ocr/slide-049.txt"
"AI算力能源财税与碳合规/王永�?算电协同PPT/ocr/slide-061.txt","王永�？算电协同PPT/ocr/slide-061.txt"
"AI算力能源财税与碳合规/王永�?算电协同PPT/ocr/slide-075.txt","王永�？算电协同PPT/ocr/slide-075.txt"
"AI算力能源财税与碳合规/王永�?算电协同PPT/ocr/slide-059.txt","王永�？算电协同PPT/ocr/slide-059.txt"
"AI算力能源财税与碳合规/王永�?算电协同PPT/ocr/slide-071.txt","王永�？算电协同PPT/ocr/slide-071.txt"
"AI算力能源财税与碳合规/王永�?算电协同PPT/ocr/slide-065.txt","王永�？算电协同PPT/ocr/slide-065.txt"
"AI算力能源财税与碳合规/王永�?算电协同PPT/ocr/slide-064.txt","王永�？算电协同PPT/ocr/slide-064.txt"
"AI算力能源财税与碳合规/王永�?算电协同PPT/ocr/slide-070.txt","王永�？算电协同PPT/ocr/slide-070.txt"
"AI算力能源财税与碳合规/王永�?算电协同PPT/ocr/slide-058.txt","王永�？算电协同PPT/ocr/slide-058.txt"
"AI算力能源财税与碳合规/王永�?算电协同PPT/ocr/slide-066.txt","王永�？算电协同PPT/ocr/slide-066.txt"
"AI算力能源财税与碳合规/王永�?算电协同PPT/ocr/slide-072.txt","王永�？算电协同PPT/ocr/slide-072.txt"
"AI算力能源财税与碳合规/王永�?算电协同PPT/ocr/slide-073.txt","王永�？算电协同PPT/ocr/slide-073.txt"
"AI算力能源财税与碳合规/王永�?算电协同PPT/ocr/slide-067.txt","王永�？算电协同PPT/ocr/slide-067.txt"
"AI算力能源财税与碳合规/王永�?算电协同PPT/ocr/slide-081.txt","王永�？算电协同PPT/ocr/slide-081.txt"
"AI算力能源财税与碳合规/王永�?算电协同PPT/ocr/slide-095.txt","王永�？算电协同PPT/ocr/slide-095.txt"
"AI算力能源财税与碳合规/王永�?算电协同PPT/ocr/slide-042.txt","王永�？算电协同PPT/ocr/slide-042.txt"
"AI算力能源财税与碳合规/王永�?算电协同PPT/ocr/slide-056.txt","王永�？算电协同PPT/ocr/slide-056.txt"
"AI算力能源财税与碳合规/王永�?算电协同PPT/ocr/slide-057.txt","王永�？算电协同PPT/ocr/slide-057.txt"
"AI算力能源财税与碳合规/王永�?算电协同PPT/ocr/slide-043.txt","王永�？算电协同PPT/ocr/slide-043.txt"
"AI算力能源财税与碳合规/王永�?算电协同PPT/ocr/slide-094.txt","王永�？算电协同PPT/ocr/slide-094.txt"
"AI算力能源财税与碳合规/王永�?算电协同PPT/ocr/slide-080.txt","王永�？算电协同PPT/ocr/slide-080.txt"
"AI算力能源财税与碳合规/王永�?算电协同PPT/ocr/slide-082.txt","王永�？算电协同PPT/ocr/slide-082.txt"
"AI算力能源财税与碳合规/王永�?算电协同PPT/ocr/slide-055.txt","王永�？算电协同PPT/ocr/slide-055.txt"
"AI算力能源财税与碳合规/王永�?算电协同PPT/ocr/slide-041.txt","王永�？算电协同PPT/ocr/slide-041.txt"
"AI算力能源财税与碳合规/王永�?算电协同PPT/ocr/slide-069.txt","王永�？算电协同PPT/ocr/slide-069.txt"
"AI算力能源财税与碳合规/王永�?算电协同PPT/ocr/slide-068.txt","王永�？算电协同PPT/ocr/slide-068.txt"
"AI算力能源财税与碳合规/王永�?算电协同PPT/ocr/slide-040.txt","王永�？算电协同PPT/ocr/slide-040.txt"
"AI算力能源财税与碳合规/王永�?算电协同PPT/ocr/slide-054.txt","王永�？算电协同PPT/ocr/slide-054.txt"
"AI算力能源财税与碳合规/王永�?算电协同PPT/ocr/slide-083.txt","王永�？算电协同PPT/ocr/slide-083.txt"
"AI算力能源财税与碳合规/王永�?算电协同PPT/ocr/slide-093.txt","王永�？算电协同PPT/ocr/slide-093.txt"
"AI算力能源财税与碳合规/王永�?算电协同PPT/ocr/slide-087.txt","王永�？算电协同PPT/ocr/slide-087.txt"
"AI算力能源财税与碳合规/王永�?算电协同PPT/ocr/slide-078.txt","王永�？算电协同PPT/ocr/slide-078.txt"
"AI算力能源财税与碳合规/王永�?算电协同PPT/ocr/slide-050.txt","王永�？算电协同PPT/ocr/slide-050.txt"
"AI算力能源财税与碳合规/王永�?算电协同PPT/ocr/slide-044.txt","王永�？算电协同PPT/ocr/slide-044.txt"
"AI算力能源财税与碳合规/王永�?算电协同PPT/ocr/slide-045.txt","王永�？算电协同PPT/ocr/slide-045.txt"
"AI算力能源财税与碳合规/王永�?算电协同PPT/ocr/slide-051.txt","王永�？算电协同PPT/ocr/slide-051.txt"
"AI算力能源财税与碳合规/王永�?算电协同PPT/ocr/slide-079.txt","王永�？算电协同PPT/ocr/slide-079.txt"
"AI算力能源财税与碳合规/王永�?算电协同PPT/ocr/slide-086.txt","王永�？算电协同PPT/ocr/slide-086.txt"
"AI算力能源财税与碳合规/王永�?算电协同PPT/ocr/slide-092.txt","王永�？算电协同PPT/ocr/slide-092.txt"
"AI算力能源财税与碳合规/王永�?算电协同PPT/ocr/slide-084.txt","王永�？算电协同PPT/ocr/slide-084.txt"
"AI算力能源财税与碳合规/王永�?算电协同PPT/ocr/slide-090.txt","王永�？算电协同PPT/ocr/slide-090.txt"
"AI算力能源财税与碳合规/王永�?算电协同PPT/ocr/slide-047.txt","王永�？算电协同PPT/ocr/slide-047.txt"
"AI算力能源财税与碳合规/王永�?算电协同PPT/ocr/slide-053.txt","王永�？算电协同PPT/ocr/slide-053.txt"
"AI算力能源财税与碳合规/王永�?算电协同PPT/ocr/slide-052.txt","王永�？算电协同PPT/ocr/slide-052.txt"
"AI算力能源财税与碳合规/王永�?算电协同PPT/ocr/slide-046.txt","王永�？算电协同PPT/ocr/slide-046.txt"
"AI算力能源财税与碳合规/王永�?算电协同PPT/ocr/slide-091.txt","王永�？算电协同PPT/ocr/slide-091.txt"
"AI算力能源财税与碳合规/王永�?算电协同PPT/ocr/slide-085.txt","王永�？算电协同PPT/ocr/slide-085.txt"
"AI算力能源财税与碳合规/王永�?算电协同PPT/ocr/slide-021.txt","王永�？算电协同PPT/ocr/slide-021.txt"
"AI算力能源财税与碳合规/王永�?算电协同PPT/ocr/slide-035.txt","王永�？算电协同PPT/ocr/slide-035.txt"
"AI算力能源财税与碳合规/王永�?算电协同PPT/ocr/slide-009.txt","王永�？算电协同PPT/ocr/slide-009.txt"
"AI算力能源财税与碳合规/王永�?算电协同PPT/ocr/slide-008.txt","王永�？算电协同PPT/ocr/slide-008.txt"
"AI算力能源财税与碳合规/王永�?算电协同PPT/ocr/slide-034.txt","王永�？算电协同PPT/ocr/slide-034.txt"
"AI算力能源财税与碳合规/王永�?算电协同PPT/ocr/slide-020.txt","王永�？算电协同PPT/ocr/slide-020.txt"
"AI算力能源财税与碳合规/王永�?算电协同PPT/ocr/slide-036.txt","王永�？算电协同PPT/ocr/slide-036.txt"
"AI算力能源财税与碳合规/王永�?算电协同PPT/ocr/slide-022.txt","王永�？算电协同PPT/ocr/slide-022.txt"
"AI算力能源财税与碳合规/王永�?算电协同PPT/ocr/slide-023.txt","王永�？算电协同PPT/ocr/slide-023.txt"
"AI算力能源财税与碳合规/王永�?算电协同PPT/ocr/slide-037.txt","王永�？算电协同PPT/ocr/slide-037.txt"
"AI算力能源财税与碳合规/王永�?算电协同PPT/ocr/slide-033.txt","王永�？算电协同PPT/ocr/slide-033.txt"
"AI算力能源财税与碳合规/王永�?算电协同PPT/ocr/slide-027.txt","王永�？算电协同PPT/ocr/slide-027.txt"
"AI算力能源财税与碳合规/王永�?算电协同PPT/ocr/slide-026.txt","王永�？算电协同PPT/ocr/slide-026.txt"
"AI算力能源财税与碳合规/王永�?算电协同PPT/ocr/slide-032.txt","王永�？算电协同PPT/ocr/slide-032.txt"
"AI算力能源财税与碳合规/王永�?算电协同PPT/ocr/slide-018.txt","王永�？算电协同PPT/ocr/slide-018.txt"
"AI算力能源财税与碳合规/王永�?算电协同PPT/ocr/slide-024.txt","王永�？算电协同PPT/ocr/slide-024.txt"
"AI算力能源财税与碳合规/王永�?算电协同PPT/ocr/slide-030.txt","王永�？算电协同PPT/ocr/slide-030.txt"
"AI算力能源财税与碳合规/王永�?算电协同PPT/ocr/slide-031.txt","王永�？算电协同PPT/ocr/slide-031.txt"
"AI算力能源财税与碳合规/王永�?算电协同PPT/ocr/slide-025.txt","王永�？算电协同PPT/ocr/slide-025.txt"
"AI算力能源财税与碳合规/王永�?算电协同PPT/ocr/slide-019.txt","王永�？算电协同PPT/ocr/slide-019.txt"
"AI算力能源财税与碳合规/王永�?算电协同PPT/逐页索引.md","王永�？算电协同PPT/逐页索引.md"
"AI算力能源财税与碳合规/王永�?算电协同PPT/image-manifest.json","王永�？算电协同PPT/image-manifest.json"
"AI算力能源财税与碳合规/王永�?算电协同PPT/PPT内容整理与研究启�?v0.1.md","王永�？算电协同PPT/PPT内容整理与研究启�？v0.1.md"
"AI算力能源财税与碳合规/算电学习仓库/03-灵感记录/灵感收件�?md","算电学习仓库/03-灵感记录/灵感收件�？md"
"AI算力能源财税与碳合规/算电学习仓库/07-来源与证�?","算电学习仓库/07-来源与证�？"
"AI算力能源财税与碳合规/算电学习仓库/07-来源与证�?INDEX.md","算电学习仓库/07-来源与证�？INDEX.md"
"AI算力能源财税与碳合规/算电学习仓库/11-模板/研究对象卡模�?md","算电学习仓库/11-模板/研究对象卡模�？md"
"AI算力能源财税与碳合规/算电学习仓库/11-模板/概念卡模�?md","算电学习仓库/11-模板/概念卡模�？md"
"AI算力能源财税与碳合规/算电学习仓库/01-一次学�?","算电学习仓库/01-一次学�？"
"AI算力能源财税与碳合规/算电学习仓库/01-一次学�?INDEX.md","算电学习仓库/01-一次学�？INDEX.md"
"AI算力能源财税与碳合规/算电学习仓库/01-一次学�?2026-07-15-第一轮主链学�?md","算电学习仓库/01-一次学�？2026-07-15-第一轮主链学�？md"
"AI算力能源财税与碳合规/算电学习仓库/06-学习问题/09-价格市场和标�?md","算电学习仓库/06-学习问题/09-价格市场和标�？md"
"AI算力能源财税与碳合规/算电学习仓库/06-学习问题/08-经济性和多主体激�?md","算电学习仓库/06-学习问题/08-经济性和多主体激�？md"
"AI算力能源财税与碳合规/算电学习仓库/06-学习问题/10-研究方法和证据是否可�?md","算电学习仓库/06-学习问题/10-研究方法和证据是否可�？md"
"AI算力能源财税与碳合规/算电学习仓库/99-归档/旧版概念�?2026-07-14/","算电学习仓库/99-归档/旧版概念�？2026-07-14/"
"AI算力能源财税与碳合规/算电学习仓库/99-归档/旧版概念�?2026-07-14/12-多维任务画像.md","算电学习仓库/99-归档/旧版概念�？2026-07-14/12-多维任务画像.md"
"AI算力能源财税与碳合规/算电学习仓库/99-归档/旧版概念�?2026-07-14/06-IT功率.md","算电学习仓库/99-归档/旧版概念�？2026-07-14/06-IT功率.md"
"AI算力能源财税与碳合规/算电学习仓库/99-归档/旧版概念�?2026-07-14/10-排放因子.md","算电学习仓库/99-归档/旧版概念�？2026-07-14/10-排放因子.md"
"AI算力能源财税与碳合规/算电学习仓库/99-归档/旧版概念�?2026-07-14/02-token.md","算电学习仓库/99-归档/旧版概念�？2026-07-14/02-token.md"
"AI算力能源财税与碳合规/算电学习仓库/99-归档/旧版概念�?2026-07-14/01-业务与任�?md","算电学习仓库/99-归档/旧版概念�？2026-07-14/01-业务与任�？md"
"AI算力能源财税与碳合规/算电学习仓库/99-归档/旧版概念�?2026-07-14/11-TCO.md","算电学习仓库/99-归档/旧版概念�？2026-07-14/11-TCO.md"
"AI算力能源财税与碳合规/算电学习仓库/99-归档/旧版概念�?2026-07-14/05-服务器负载率.md","算电学习仓库/99-归档/旧版概念�？2026-07-14/05-服务器负载率.md"
"AI算力能源财税与碳合规/算电学习仓库/99-归档/旧版概念�?2026-07-14/07-热负�?md","算电学习仓库/99-归档/旧版概念�？2026-07-14/07-热负�？md"
"AI算力能源财税与碳合规/算电学习仓库/99-归档/旧版概念�?2026-07-14/08-PUE.md","算电学习仓库/99-归档/旧版概念�？2026-07-14/08-PUE.md"
"AI算力能源财税与碳合规/算电学习仓库/99-归档/旧版概念�?2026-07-14/04-任务灵活�?md","算电学习仓库/99-归档/旧版概念�？2026-07-14/04-任务灵活�？md"
"AI算力能源财税与碳合规/算电学习仓库/99-归档/旧版概念�?2026-07-14/00-概念总表.md","算电学习仓库/99-归档/旧版概念�？2026-07-14/00-概念总表.md"
"AI算力能源财税与碳合规/算电学习仓库/99-归档/旧版概念�?2026-07-14/00-MOC-概念地图.md","算电学习仓库/99-归档/旧版概念�？2026-07-14/00-MOC-概念地图.md"
"AI算力能源财税与碳合规/算电学习仓库/99-归档/旧版概念�?2026-07-14/09-用电�?md","算电学习仓库/99-归档/旧版概念�？2026-07-14/09-用电�？md"
"AI算力能源财税与碳合规/算电学习仓库/99-归档/旧版概念�?2026-07-14/03-FLOPs与FLOPS.md","算电学习仓库/99-归档/旧版概念�？2026-07-14/03-FLOPs与FLOPS.md"
"AI算力能源财税与碳合规/算电学习仓库/00-概念/A-任务与算�?","算电学习仓库/00-概念/A-任务与算�？"
"AI算力能源财税与碳合规/算电学习仓库/00-概念/A-任务与算�?预填�?md","算电学习仓库/00-概念/A-任务与算�？预填�？md"
"AI算力能源财税与碳合规/算电学习仓库/00-概念/A-任务与算�?离线任务.md","算电学习仓库/00-概念/A-任务与算�？离线任务.md"
"AI算力能源财税与碳合规/算电学习仓库/00-概念/A-任务与算�?业务.md","算电学习仓库/00-概念/A-任务与算�？业务.md"
"AI算力能源财税与碳合规/算电学习仓库/00-概念/A-任务与算�?FLOPs（运算量�?md","算电学习仓库/00-概念/A-任务与算�？FLOPs（运算量�？md"
"AI算力能源财税与碳合规/算电学习仓库/00-概念/A-任务与算�?任务画像.md","算电学习仓库/00-概念/A-任务与算�？任务画像.md"
"AI算力能源财税与碳合规/算电学习仓库/00-概念/A-任务与算�?任务灵活�?md","算电学习仓库/00-概念/A-任务与算�？任务灵活�？md"
"AI算力能源财税与碳合规/算电学习仓库/00-概念/A-任务与算�?算效.md","算电学习仓库/00-概念/A-任务与算�？算效.md"
"AI算力能源财税与碳合规/算电学习仓库/00-概念/A-任务与算�?算力.md","算电学习仓库/00-概念/A-任务与算�？算力.md"
"AI算力能源财税与碳合规/算电学习仓库/00-概念/A-任务与算�?解码.md","算电学习仓库/00-概念/A-任务与算�？解码.md"
"AI算力能源财税与碳合规/算电学习仓库/00-概念/A-任务与算�?token.md","算电学习仓库/00-概念/A-任务与算�？token.md"
"AI算力能源财税与碳合规/算电学习仓库/00-概念/A-任务与算�?FLOPS（运算性能�?md","算电学习仓库/00-概念/A-任务与算�？FLOPS（运算性能�？md"
"AI算力能源财税与碳合规/算电学习仓库/00-概念/A-任务与算�?INDEX.md","算电学习仓库/00-概念/A-任务与算�？INDEX.md"
"AI算力能源财税与碳合规/算电学习仓库/00-概念/A-任务与算�?批处�?md","算电学习仓库/00-概念/A-任务与算�？批处�？md"
"AI算力能源财税与碳合规/算电学习仓库/00-概念/A-任务与算�?在线任务.md","算电学习仓库/00-概念/A-任务与算�？在线任务.md"
"AI算力能源财税与碳合规/算电学习仓库/00-概念/A-任务与算�?任务.md","算电学习仓库/00-概念/A-任务与算�？任务.md"
"AI算力能源财税与碳合规/算电学习仓库/00-概念/A-任务与算�?时间灵活�?md","算电学习仓库/00-概念/A-任务与算�？时间灵活�？md"
"AI算力能源财税与碳合规/算电学习仓库/00-概念/B-电力与热�?","算电学习仓库/00-概念/B-电力与热�？"
"AI算力能源财税与碳合规/算电学习仓库/00-概念/B-电力与热�?PUE.md","算电学习仓库/00-概念/B-电力与热�？PUE.md"
"AI算力能源财税与碳合规/算电学习仓库/00-概念/B-电力与热�?温度柔�?md","算电学习仓库/00-概念/B-电力与热�？温度柔�？md"
"AI算力能源财税与碳合规/算电学习仓库/00-概念/B-电力与热�?液冷.md","算电学习仓库/00-概念/B-电力与热�？液冷.md"
"AI算力能源财税与碳合规/算电学习仓库/00-概念/B-电力与热�?两相液冷.md","算电学习仓库/00-概念/B-电力与热�？两相液冷.md"
"AI算力能源财税与碳合规/算电学习仓库/00-概念/B-电力与热�?冷却功率.md","算电学习仓库/00-概念/B-电力与热�？冷却功率.md"
"AI算力能源财税与碳合规/算电学习仓库/00-概念/B-电力与热�?动态功�?md","算电学习仓库/00-概念/B-电力与热�？动态功�？md"
"AI算力能源财税与碳合规/算电学习仓库/00-概念/B-电力与热�?服务器负载率.md","算电学习仓库/00-概念/B-电力与热�？服务器负载率.md"
"AI算力能源财税与碳合规/算电学习仓库/00-概念/B-电力与热�?余热回收.md","算电学习仓库/00-概念/B-电力与热�？余热回收.md"
"AI算力能源财税与碳合规/算电学习仓库/00-概念/B-电力与热�?基线功�?md","算电学习仓库/00-概念/B-电力与热�？基线功�？md"
"AI算力能源财税与碳合规/算电学习仓库/00-概念/B-电力与热�?CUE.md","算电学习仓库/00-概念/B-电力与热�？CUE.md"
"AI算力能源财税与碳合规/算电学习仓库/00-概念/B-电力与热�?WUE.md","算电学习仓库/00-概念/B-电力与热�？WUE.md"
"AI算力能源财税与碳合规/算电学习仓库/00-概念/B-电力与热�?IT功率.md","算电学习仓库/00-概念/B-电力与热�？IT功率.md"
"AI算力能源财税与碳合规/算电学习仓库/00-概念/B-电力与热�?INDEX.md","算电学习仓库/00-概念/B-电力与热�？INDEX.md"
"AI算力能源财税与碳合规/算电学习仓库/00-概念/B-电力与热�?热负�?md","算电学习仓库/00-概念/B-电力与热�？热负�？md"
"AI算力能源财税与碳合规/算电学习仓库/00-概念/B-电力与热�?电量.md","算电学习仓库/00-概念/B-电力与热�？电量.md"
"AI算力能源财税与碳合规/算电学习仓库/00-概念/B-电力与热�?热惯�?md","算电学习仓库/00-概念/B-电力与热�？热惯�？md"
"AI算力能源财税与碳合规/算电学习仓库/00-概念/C-能源碳与经济/可再生能源消�?md","算电学习仓库/00-概念/C-能源碳与经济/可再生能源消�？md"
"AI算力能源财税与碳合规/算电学习仓库/00-概念/C-能源碳与经济/需求响�?md","算电学习仓库/00-概念/C-能源碳与经济/需求响�？md"
"AI算力能源财税与碳合规/算电学习仓库/00-概念/C-能源碳与经济/碳成�?md","算电学习仓库/00-概念/C-能源碳与经济/碳成�？md"
"AI算力能源财税与碳合规/算电学习仓库/00-概念/D-协同优化与制�?","算电学习仓库/00-概念/D-协同优化与制�？"
"AI算力能源财税与碳合规/算电学习仓库/00-概念/D-协同优化与制�?全栈联动.md","算电学习仓库/00-概念/D-协同优化与制�？全栈联动.md"
"AI算力能源财税与碳合规/算电学习仓库/00-概念/D-协同优化与制�?不确定�?md","算电学习仓库/00-概念/D-协同优化与制�？不确定�？md"
"AI算力能源财税与碳合规/算电学习仓库/00-概念/D-协同优化与制�?算电热协�?md","算电学习仓库/00-概念/D-协同优化与制�？算电热协�？md"
"AI算力能源财税与碳合规/算电学习仓库/00-概念/D-协同优化与制�?评价体系.md","算电学习仓库/00-概念/D-协同优化与制�？评价体系.md"
"AI算力能源财税与碳合规/算电学习仓库/00-概念/D-协同优化与制�?标准体系.md","算电学习仓库/00-概念/D-协同优化与制�？标准体系.md"
"AI算力能源财税与碳合规/算电学习仓库/00-概念/D-协同优化与制�?多目标优�?md","算电学习仓库/00-概念/D-协同优化与制�？多目标优�？md"
"AI算力能源财税与碳合规/算电学习仓库/00-概念/D-协同优化与制�?交易结算.md","算电学习仓库/00-概念/D-协同优化与制�？交易结算.md"
"AI算力能源财税与碳合规/算电学习仓库/00-概念/D-协同优化与制�?综合能源系统.md","算电学习仓库/00-概念/D-协同优化与制�？综合能源系统.md"
"AI算力能源财税与碳合规/算电学习仓库/00-概念/D-协同优化与制�?广义算电协同.md","算电学习仓库/00-概念/D-协同优化与制�？广义算电协同.md"
"AI算力能源财税与碳合规/算电学习仓库/00-概念/D-协同优化与制�?INDEX.md","算电学习仓库/00-概念/D-协同优化与制�？INDEX.md"
"AI算力能源财税与碳合规/算电学习仓库/00-概念/D-协同优化与制�?分布鲁棒优化.md","算电学习仓库/00-概念/D-协同优化与制�？分布鲁棒优化.md"
"AI算力能源财税与碳合规/算电学习仓库/00-概念/D-协同优化与制�?算电协同.md","算电学习仓库/00-概念/D-协同优化与制�？算电协同.md"
"AI算力能源财税与碳合规/算电学习仓库/00-概念/D-协同优化与制�?日内控制.md","算电学习仓库/00-概念/D-协同优化与制�？日内控制.md"
"AI算力能源财税与碳合规/算电学习仓库/00-概念/D-协同优化与制�?计量.md","算电学习仓库/00-概念/D-协同优化与制�？计量.md"
"AI算力能源财税与碳合规/算电学习仓库/00-概念/D-协同优化与制�?狭义算电协同.md","算电学习仓库/00-概念/D-协同优化与制�？狭义算电协同.md"
"AI算力能源财税与碳合规/算电学习仓库/00-概念/D-协同优化与制�?多维画像.md","算电学习仓库/00-概念/D-协同优化与制�？多维画像.md"
"AI算力能源财税与碳合规/算电学习仓库/00-概念/D-协同优化与制�?日前调度.md","算电学习仓库/00-概念/D-协同优化与制�？日前调度.md"
"AI算力能源财税与碳合规/算电学习仓库/00-概念/D-协同优化与制�?时序迁移.md","算电学习仓库/00-概念/D-协同优化与制�？时序迁移.md"
"AI算力能源财税与碳合规/算电学习仓库/00-概念/D-协同优化与制�?空间迁移.md","算电学习仓库/00-概念/D-协同优化与制�？空间迁移.md"
"AI算力能源财税与碳合规/算电学习仓库/00-概念/00-研究对象/02-介观对象/可再生能源供能系�?md","算电学习仓库/00-概念/00-研究对象/02-介观对象/可再生能源供能系�？md"
"AI算力能源财税与碳合规/算电学习仓库/00-概念/00-研究对象/03-宏观对象/政府与标准机�?md","算电学习仓库/00-概念/00-研究对象/03-宏观对象/政府与标准机�？md"
"AI算力能源财税与碳合规/算电学习仓库/00-概念/00-研究对象/03-宏观对象/全国一体化算力�?md","算电学习仓库/00-概念/00-研究对象/03-宏观对象/全国一体化算力�？md"
"AI算力能源财税与碳合规/算电学习仓库/00-概念/00-研究对象/03-宏观对象/多数据中心集�?md","算电学习仓库/00-概念/00-研究对象/03-宏观对象/多数据中心集�？md"
"AI算力能源财税与碳合规/算电学习仓库/00-概念/00-研究对象/01-微观对象/芯片（CPU-GPU�?md","算电学习仓库/00-概念/00-研究对象/01-微观对象/芯片（CPU-GPU�？md"
"AI算力能源财税与碳合规/算电学习仓库/00-概念/00-研究对象/01-微观对象/冷板及液冷回�?md","算电学习仓库/00-概念/00-研究对象/01-微观对象/冷板及液冷回�？md"
"AI算力能源财税与碳合规/算电学习仓库/00-概念/00-研究对象/01-微观对象/服务�?md","算电学习仓库/00-概念/00-研究对象/01-微观对象/服务�？md"
"AI算力能源财税与碳合规/算电学习仓库/00-概念/00-研究对象/01-微观对象/供配电设�?md","算电学习仓库/00-概念/00-研究对象/01-微观对象/供配电设�？md"
"AI算力能源财税与碳合规/算电学习仓库/08-模型与实�?","算电学习仓库/08-模型与实�？"
"AI算力能源财税与碳合规/算电学习仓库/08-模型与实�?INDEX.md","算电学习仓库/08-模型与实�？INDEX.md"
"AI算力能源财税与碳合规/算电学习仓库/04-学习方向/01-学习疆域�?md","算电学习仓库/04-学习方向/01-学习疆域�？md"
"AI算力能源财税与碳合规/算电学习仓库/02-二次学习/2026-07-15-第一轮主链二次学�?md","算电学习仓库/02-二次学习/2026-07-15-第一轮主链二次学�？md"
